x,y,rotation,height,width,category,visibility,x_anchor,y_anchor,heading_angle,x2,y2,x3,y3,x4,y4
1075.890979162589,811.1918844067469,"(0.9321771452171864, 0.0010142871793830878, 0.008954817066662972, -0.36189024911919987)",1.73,4.084,ego,4.0,1073.8002557548966,811.9313873699099,-42.43675541306931,1076.8143401420027,809.1756023080077,1077.9817025702814,810.4523814435839,1074.9676181831753,813.2081665054861
1151.539,759.74,"(0.9890673983243704, 0.0, 0.0, -0.1474641704681555)",2.938,11.245,vehicle.bus.rigid,3.0,1145.7325170031952,759.9749945910397,-16.960000000000065,1156.4884566246442,756.6947830338765,1157.3454829968048,759.5050054089603,1146.5895433753558,762.7852169661235
1017.953,867.716,"(0.4882938066505476, 0.0, 0.0, 0.8726792987041216)",1.874,4.045,vehicle.car,4.0,1019.8096034281825,866.4825094404655,121.543000000017,1017.6935089368341,869.9298517651679,1016.0963965718174,868.9494905595345,1018.2124910631659,865.5021482348321
1029.398,844.892,"(0.9448917874686396, 0.0, 0.0, -0.32738281869138947)",0.519,0.539,human.pedestrian.adult,4.0,1029.0257216021082,844.8548611461795,-38.21999999989493,1029.4491820903559,844.5213911851739,1029.7702783978916,844.9291388538206,1029.346817909644,845.2626088148262
1089.055,778.433,"(0.7775521967618003, 0.0, 0.0, 0.6288184009003701)",2.205,7.442,vehicle.truck,4.0,1089.3547712095262,774.5636997438892,77.92600000001275,1090.9114503492947,781.8410697396919,1088.755228790474,782.3023002561108,1087.1985496507054,775.0249302603081
1042.593,841.501,"(0.9256660177630776, 0.0, 0.0, -0.3783416756830336)",2.029,3.866,vehicle.car,2.0,1040.502796221975,842.1308788902078,-44.46199999979429,1043.2620190030195,839.4229930645931,1044.6832037780252,840.8711211097922,1041.9239809969806,843.5790069354068
